File Name,Num,Length
Example1,113,0.7315998365414609
Example2,71,0.653534412114423
Example3,117,0.5668320140626943
Example4,119,0.5631421125251024
